1,Garcia,P,John,Male,Marketing Coordinator,Product,28/05/2002,null,102708.07
2,Johnson,C,Jennifer,Female,HR Manager,HR,01/08/2018,null,125171.33
3,Smith,C,Charles,Male,Software Engineer,Operations,11/02/1961,null,97250.42
4,Jones,Y,Sarah,Female,Sales Executive,IT,19/12/2001,29/07/2004,107840.69
5,Jones,G,John,Male,IT Support,Operations,15/08/2012,null,106233.29
6,Hernandez,D,James,Male,Software Engineer,Marketing,24/01/2018,null,54591.24
7,Garcia,W,Richard,Male,Product Manager,HR,20/10/2004,null,96984.67
8,Smith,W,William,Male,Product Manager,Finance,26/08/2019,null,62766.28
9,Davis,G,Joseph,Male,Operations Specialist,HR,26/12/1971,null,141642.85
10,Williams,T,Jennifer,Female,Product Manager,IT,24/07/2012,null,127393.66
11,Miller,M,John,Male,Product Manager,Sales,19/02/1990,null,111641.99
12,Brown,H,Joseph,Male,Marketing Coordinator,Engineering,10/09/1997,null,50846.01
13,Martinez,F,Joseph,Male,Software Engineer,Finance,13/05/1975,null,70614.19
14,Hernandez,X,Charles,Male,Data Analyst,Marketing,15/03/2001,null,81696.5
15,Garcia,Z,Joseph,Male,Product Manager,Operations,15/06/1979,21/02/1980,144123.71
16,Williams,I,Mary,Female,HR Manager,Sales,27/05/1983,null,146023.9
17,Hernandez,D,Thomas,Male,IT Support,Operations,29/07/1979,null,127618.75
18,Jones,K,Mary,Female,Data Analyst,Finance,05/12/2006,null,133550.95
19,Smith,C,James,Male,Data Analyst,Product,12/03/1967,null,110064.37
20,Hernandez,L,Thomas,Male,Operations Specialist,Finance,31/07/1965,null,126087.83
21,Williams,M,Thomas,Male,HR Manager,HR,20/01/2005,null,120492.65
22,Hernandez,U,Richard,Male,Product Manager,HR,16/01/2010,null,55737.06
23,Smith,E,Jennifer,Female,Operations Specialist,Sales,28/05/1993,01/08/2017,118753.04
24,Hernandez,E,Patricia,Female,Accountant,Finance,24/07/1966,null,142489.99
25,Williams,E,Linda,Female,Sales Executive,Product,20/11/1999,null,130966.47
26,Johnson,D,Thomas,Male,Data Analyst,Engineering,21/07/2007,null,130597.99
27,Martinez,M,James,Male,Operations Specialist,Operations,16/08/2017,null,127551.97
28,Johnson,B,Patricia,Female,HR Manager,Engineering,10/07/1981,null,119348.27
29,Williams,H,Margaret,Female,Marketing Coordinator,Sales,25/06/1975,null,125045.88
30,Hernandez,O,Margaret,Female,IT Support,Marketing,20/01/1980,null,73253.91
31,Garcia,I,Joseph,Male,Operations Specialist,Finance,28/09/1990,null,133679.74
32,Williams,K,John,Male,Data Analyst,Operations,25/04/2005,null,102846.53
33,Smith,Y,Barbara,Female,Operations Specialist,Operations,07/09/1999,null,73952.57
34,Johnson,V,James,Male,Operations Specialist,HR,20/11/2014,null,125919.56
35,Davis,S,Susan,Female,Data Analyst,HR,07/05/2020,null,114654.94
36,Garcia,O,William,Male,IT Support,Product,02/11/1982,null,141993.07
37,Hernandez,K,Richard,Male,Sales Executive,Finance,25/06/2013,null,87018.04
38,Williams,U,Thomas,Male,IT Support,Finance,19/12/2011,null,143818.05
39,Johnson,J,Margaret,Female,Product Manager,Product,19/08/1996,null,61633.39
40,Smith,D,Susan,Female,Product Manager,Sales,28/01/2018,null,148198.63
41,Garcia,C,Susan,Female,Sales Executive,HR,27/08/2009,null,133749.48
42,Williams,X,Margaret,Female,Operations Specialist,Sales,08/02/2010,null,115730.44
43,Davis,F,Thomas,Male,Data Analyst,Data,17/07/1981,null,118993.61
44,Hernandez,W,Linda,Female,Product Manager,Marketing,29/03/2014,null,145820.01
45,Williams,L,John,Male,HR Manager,Finance,02/12/2010,null,96178.92
46,Garcia,A,Susan,Female,Operations Specialist,Sales,18/06/1984,null,126813.71
47,Hernandez,Z,Susan,Female,Operations Specialist,Operations,14/06/1995,null,143781.59
48,Williams,P,Richard,Male,Sales Executive,Sales,28/01/2013,null,98191.63
49,Johnson,S,John,Male,Data Analyst,Data,16/01/2004,null,130645.61
50,Williams,A,Linda,Female,HR Manager,HR,12/08/1965,null,115609.73
51,Hernandez,G,Richard,Male,Operations Specialist,Product,29/10/1987,null,96107.65
52,Davis,H,James,Male,Product Manager,Sales,20/05/2017,null,93502.08
53,Johnson,K,Barbara,Female,Operations Specialist,Marketing,04/06/1999,null,130582.23
54,Smith,V,David,Male,HR Manager,Product,18/11/1969,null,132460.27
55,Garcia,H,Mary,Female,Sales Executive,Marketing,29/07/2006,null,126125.8
56,Martinez,R,William,Male,Marketing Coordinator,Data,01/04/2007,null,144486.96
57,Brown,C,Linda,Female,Product Manager,Finance,25/08/2002,null,81080.84
58,Hernandez,T,Richard,Male,Sales Executive,HR,06/11/1978,null,115797.34
59,Smith,K,Joseph,Male,IT Support,HR,12/06/2014,null,106615.89
60,Davis,M,Mary,Female,Data Analyst,Engineering,24/09/1973,null,120439.04
61,Williams,F,Joseph,Male,IT Support,Sales,16/11/1988,null,146190.73
62,Hernandez,O,Mary,Female,Operations Specialist,Product,01/09/1998,null,78435.81
63,Johnson,F,Richard,Male,Operations Specialist,Data,08/07/1989,null,77110.94
64,Smith,Z,Linda,Female,Marketing Coordinator,HR,23/01/2012,null,93271.06
65,Hernandez,Q,Barbara,Female,Product Manager,Sales,13/12/2000,null,83646.35
66,Davis,B,Linda,Female,Marketing Coordinator,Sales,19/07/1962,null,95021.74
67,Johnson,Q,Richard,Male,IT Support,Finance,13/02/2005,null,70291.66
68,Smith,O,Linda,Female,Product Manager,Product,12/09/1965,null,102669.4
69,Hernandez,J,James,Male,Marketing Coordinator,Product,26/10/1995,null,122345.49
70,Garcia,Y,Sarah,Female,HR Manager,Finance,05/07/1980,null,117300.79
71,Williams,Q,Mary,Female,Data Analyst,Finance,01/01/2019,null,132223.4
72,Smith,B,Thomas,Male,Operations Specialist,Marketing,05/09/1994,null,132596.01
73,Johnson,V,Linda,Female,Sales Executive,Sales,15/02/2002,null,87894.7
74,Hernandez,M,David,Male,Operations Specialist,Marketing,14/08/2004,null,133380.28
75,Williams,P,Mary,Female,Product Manager,Data,20/06/2017,null,55514.19
76,Smith,U,Susan,Female,IT Support,Engineering,04/02/1984,null,76441.22
77,Brown,Y,Richard,Male,Project Manager,Finance,02/05/2022,null,50833.33
78,Hernandez,G,Charles,Male,Sales Executive,Marketing,16/09/2016,null,134936.68
79,Williams,Y,John,Male,Product Manager,Engineering,11/11/1961,null,130194.63
80,Garcia,T,John,Male,Project Manager,Sales,27/09/2020,null,75835.94
81,Smith,B,Margaret,Female,Accountant,Operations,05/01/1974,null,99567.12
82,Williams,N,Linda,Female,Sales Executive,HR,17/06/1990,null,92850.58
83,Johnson,E,George,Male,Sales Executive,Marketing,21/06/1962,null,74357.36
84,Hernandez,F,Susan,Female,Sales Executive,Operations,13/07/1958,null,131729.77
85,Smith,D,Mary,Female,IT Support,Sales,24/01/1997,null,106331.4
86,Williams,A,Susan,Female,Data Analyst,Data,11/10/1963,null,80577.57
87,Johnson,T,Linda,Female,Marketing Coordinator,Operations,09/07/1987,null,107631.68
88,Garcia,G,James,Male,Data Analyst,Product,10/06/1972,null,71932.89
89,Smith,X,Mary,Female,Accountant,Sales,17/08/1986,null,128073.97
90,Williams,Z,David,Male,Project Manager,Finance,01/07/2021,null,102526.06
91,Garcia,R,Patricia,Female,Sales Executive,Engineering,27/10/1966,null,51744.58
92,Williams,V,John,Male,Operations Specialist,Data,05/11/1955,null,74273.63
93,Johnson,R,Margaret,Female,Project Manager,Marketing,22/03/1974,null,119987.71
94,Brown,Q,William,Male,Product Manager,Sales,26/07/2015,null,62052.77
95,Smith,Z,Sarah,Female,Project Manager,Product,09/09/2004,null,99687.92
96,Hernandez,A,Barbara,Female,Project Manager,Finance,03/04/1982,null,106732.93
97,Brown,I,Richard,Male,Product Manager,Finance,06/12/2016,null,130368.61
98,Williams,Q,Margaret,Female,Product Manager,Sales,12/07/1953,null,116048.69
99,Smith,L,Barbara,Female,Operations Specialist,Marketing,02/05/1981,null,80464.64
100,Hernandez,K,Patricia,Female,Operations Specialist,Sales,07/10/1985,null,134891.34
101,Williams,G,Margaret,Female,Operations Specialist,Product,16/12/1978,null,139548.63
102,Smith,T,David,Male,Product Manager,Operations,25/09/1969,null,143173.23
103,Davis,Y,Richard,Male,Product Manager,Product,17/02/1977,null,101511.7
104,Johnson,X,Charles,Male,Operations Specialist,Operations,01/03/1976,null,120635.68
105,Garcia,Q,Susan,Female,Project Manager,Marketing,02/02/2022,null,140229.34
106,Brown,Y,Linda,Female,Project Manager,Product,22/03/2010,null,120546.16
107,Hernandez,A,Susan,Female,Operations Specialist,HR,19/10/1999,null,134784.07
108,Smith,N,Sarah,Female,Sales Executive,Sales,05/05/1972,null,64358.33
109,Williams,P,Linda,Female,Operations Specialist,Engineering,22/08/2016,null,107303.9
110,Johnson,M,Mary,Female,Product Manager,Operations,17/11/1969,null,96957.38