EmployeeCode,Country,NumericCode,Week/MonthNumber,Period,FirstName,LastName
Japan177-3Mo,JPN,177,3,Month,Carl,Rodriguez
AUS551-2Mo,AUS,551,2,Month,Anne,Wright
AUS316-2M,AUS,316,2,Month,Patrick,Rivera
GER160-2W,GER,160,2,Week,Ruby,Walker
GER265-1M,GER,265,1,Month,Teresita,Guillen
ARG363-4Mo,ARG,363,4,Month,Earl,Morgan
Canada351-3W,CAN,351,3,Week,Joella,Causey
Japan195-5W,JPN,195,5,Week,Gregg,Kelly
ARG529-1W,ARG,529,1,Week,William,Reed
ENG301-6W,ENG,301,6,Week,Julia,Johnson
AUS60-2M,AUS,60,2,Month,Tonya,Ruiz
ARG102-7Mo,ARG,102,7,Month,Wayne,Howard
US219-8M,USA,219,8,Month,Samuel,Goodman
Canada342-9W,CAN,342,9,Week,Sean,Morgan
US476-10W,USA,476,10,Week,Julie,Johnson
MEX93-5M,MEX,93,5,Month,Samuel,Perry
ENG442-9Mo,ENG,442,9,Month,Jarrod,Beckett
Canada17-7W,CAN,17,7,Week,Lillian,Nelson
ARG559-10W,ARG,559,10,Week,Delfina,Brandon
ENG389-10W,ENG,389,10,Week,Shaun,Jacobs
MEX121-11W,MEX,121,11,Week,Theresa,Barnes
ENG489-12W,ENG,489,12,Week,Stephen,Powell
AUS88-10W,AUS,88,10,Week,Queenie,Thibodeau
AUS455-3W,AUS,455,3,Week,Juan,King
AUS491-13M,AUS,491,13,Month,Laureen,Varney
ENG193-10Mo,ENG,193,10,Month,Anthony,Griffin
ARG508-14W,ARG,508,14,Week,Olga,Rowe
GER345-5M,GER,345,5,Month,Alyce,Rafferty
Japan428-2Mo,JPN,428,2,Month,Janella,Lacey
ARG116-9Mo,ARG,116,9,Month,Lyndsay,Landry
Canada213-4M,CAN,213,4,Month,Elvina,Dickens
ENG208-2W,ENG,208,2,Week,Lois,Flores
MEX7-9M,MEX,7,9,Month,Gonzalo,Rigby
ARG56-15W,ARG,56,15,Week,John,Parker
US404-6W,USA,404,6,Week,Olive,Romero
ARG43-9Mo,ARG,43,9,Month,Emmitt,Valles
GER188-9M,GER,188,9,Month,Vernia,Mccrary
AUS275-8W,AUS,275,8,Week,Michelle,Campbell
ENG563-9W,ENG,563,9,Week,Demarcus,Mcgregor
ENG543-14M,ENG,543,14,Month,Jeremy,Rogers
ENG23-6W,ENG,23,6,Week,Michelle,Peters
MEX490-7W,MEX,490,7,Week,Dian,Winchester
Japan114-1W,JPN,114,1,Week,Steven,Russell
ENG444-4Mo,ENG,444,4,Month,Hank,Thorpe
AUS331-2Mo,AUS,331,2,Month,Lori,Ward
Canada118-14M,CAN,118,14,Month,Lori,Price
Japan572-15Mo,JPN,572,15,Month,Norma,Steele
Canada122-5M,CAN,122,5,Month,Jaye,Wick
US526-12Mo,USA,526,12,Month,Terry,Coleman
Japan585-6M,JPN,585,6,Month,Kathleen,Garcia
ENG398-15M,ENG,398,15,Month,Raul,Brewer
Japan320-14Mo,JPN,320,14,Month,Peter,Thompson
US141-2W,USA,141,2,Week,Theo,Vo
Canada329-4W,CAN,329,4,Week,Luanne,Farr
ARG421-16Mo,ARG,421,16,Month,Larry,Ward
ARG427-13Mo,ARG,427,13,Month,Linda,Peterson
GER220-4M,GER,220,4,Month,Titus,Maclean
MEX223-8M,MEX,223,8,Month,Norman,Henderson
US257-17M,USA,257,17,Month,Elmira,Sommers
Canada289-15W,CAN,289,15,Week,Kelly,Mitchell
US98-6Mo,USA,98,6,Month,Minnie,Snyder
AUS24-7W,AUS,24,7,Week,Selina,Varela
ENG557-4W,ENG,557,4,Week,Lelia,Wentz
AUS34-16Mo,AUS,34,16,Month,Jaunita,Laird
GER38-15M,GER,38,15,Month,Leona,Thompson
GER79-15W,GER,79,15,Week,Regina,Hodges
AUS385-1W,AUS,385,1,Week,Clarence,Collins
AUS581-9M,AUS,581,9,Month,Marie,Barnes
US349-9M,USA,349,9,Month,Jennifer,Cox
Canada429-8Mo,CAN,429,8,Month,Virginia,Brooks
Canada99-3W,CAN,99,3,Week,Cecile,Veal
US373-14M,USA,373,14,Month,Harry,Clark
US210-3W,USA,210,3,Week,Rebecca,Gomez
GER366-5W,GER,366,5,Week,Delilah,Eason
ARG30-10W,ARG,30,10,Week,Victor,Smith
Japan132-16M,JPN,132,16,Month,Marjory,Lovelace
AUS130-17M,AUS,130,17,Month,Matthew,Brown
Japan512-1W,JPN,512,1,Week,Audrey,Briggs
AUS377-11W,AUS,377,11,Week,Collin,Haskins
AUS449-13W,AUS,449,13,Week,Columbus,Fuqua
Canada158-4Mo,CAN,158,4,Month,Faye,Turner
ARG468-11M,ARG,468,11,Month,Tina,Carlson
Japan597-8Mo,JPN,597,8,Month,Laura,Edwards
GER540-7W,GER,540,7,Week,Rolf,Schrader
GER407-4W,GER,407,4,Week,Tiara,Pridgen
Canada423-1W,CAN,423,1,Week,Ed,Pena
MEX401-8W,MEX,401,8,Week,Ellan,Braswell
GER21-2M,GER,21,2,Month,Garfield,Bigelow
US561-15Mo,USA,561,15,Month,Horace,Robertson
ARG417-7W,ARG,417,7,Week,Shawn,Allen
AUS28-10W,AUS,28,10,Week,Beaulah,Willard
GER291-3M,GER,291,3,Month,Jose,Baker
MEX452-4W,MEX,452,4,Week,Elizabeth,Parker
Canada337-1M,CAN,337,1,Month,Carolyn,Anderson
AUS255-11Mo,AUS,255,11,Month,Edna,Harvey
ARG458-3W,ARG,458,3,Week,Jeanmarie,Haywood
Japan388-17Mo,JPN,388,17,Month,Maribeth,Kiser
Japan312-3M,JPN,312,3,Month,Elza,Devito
ENG438-5Mo,ENG,438,5,Month,Jarvis,Lund
Japan247-6W,JPN,247,6,Week,Debra,Butler
MEX44-17M,MEX,44,17,Month,Janell,Orozco
ARG532-14W,ARG,532,14,Week,Salvador,Copeland
MEX579-17Mo,MEX,579,17,Month,Dave,Sherman
Japan338-12W,JPN,338,12,Week,Philip,Bryant
US270-17M,USA,270,17,Month,Geraldine,Kelly
US144-15W,USA,144,15,Week,Madelaine,Moriarty
Japan139-14W,JPN,139,14,Week,Andrea,Murphy
AUS299-11M,AUS,299,11,Month,Sonny,Ragland
Canada71-15Mo,CAN,71,15,Month,Susan,Long
Japan50-17M,JPN,50,17,Month,Keneth,Roper
Canada27-3Mo,CAN,27,3,Month,Ronald,Carter
Canada566-10W,CAN,566,10,Week,Eric,Cooper
AUS194-5W,AUS,194,5,Week,Alethia,Law
Japan582-13M,JPN,582,13,Month,Adrian,Hughes
MEX496-7Mo,MEX,496,7,Month,Leo,Barber
Canada32-1Mo,CAN,32,1,Month,Janet,Jones
Canada113-8W,CAN,113,8,Week,Julie,Bennett
US203-17W,USA,203,17,Week,Lyle,Cummings
US242-7W,USA,242,7,Week,William,Gonzalez
ARG20-3M,ARG,20,3,Month,Harry,Sanchez
ARG520-9M,ARG,520,9,Month,Kathy,Green
US292-10W,USA,292,10,Week,Alayna,Wahl
Canada315-8M,CAN,315,8,Month,Henry,Davis
Canada269-5W,CAN,269,5,Week,Shelley,Price
US52-8Mo,USA,52,8,Month,Rose,Walker
GER14-13Mo,GER,14,13,Month,Amy,Wood
US110-4W,USA,110,4,Week,Drew,Schofield
Canada271-5W,CAN,271,5,Week,Armando,Ballard
Canada205-14W,CAN,205,14,Week,Brain,Beckham
Canada425-3Mo,CAN,425,3,Month,Margaret,Bell
Canada518-13Mo,CAN,518,13,Month,Loretta,Daniels
Canada568-6W,CAN,568,6,Week,Frank,Gray
ARG335-1M,ARG,335,1,Month,Maryann,Reed
US392-7M,USA,392,7,Month,Jan,Henry
Canada287-1W,CAN,287,1,Week,Sharon,Richardson
AUS311-7W,AUS,311,7,Week,Rafael,Simon
Japan183-10W,JPN,183,10,Week,Joe,Ramirez
Canada77-8M,CAN,77,8,Month,Cornelius,Francis
ENG80-15W,ENG,80,15,Week,Crissy,Horn
MEX206-6M,MEX,206,6,Month,Dawna,Beals
Japan5-3W,JPN,5,3,Week,Wilma,Richardson
AUS450-3W,AUS,450,3,Week,Judy,Norris
Japan474-16M,JPN,474,16,Month,Joyce,White
AUS481-6Mo,AUS,481,6,Month,Carla,Patrick
AUS37-15M,AUS,37,15,Month,Karl,Fleming
MEX471-15W,MEX,471,15,Week,Brandon,Evans
US339-15W,USA,339,15,Week,Dianne,Salazar
Japan584-5Mo,JPN,584,5,Month,Gaynell,Mckeown
GER246-7W,GER,246,7,Week,Cameron,Mccoy
GER297-1M,GER,297,1,Month,Darrin,Cox
MEX222-17W,MEX,222,17,Week,Juliann,Simonson
ENG569-7M,ENG,569,7,Month,Douglas,Flores
AUS253-7Mo,AUS,253,7,Month,Margot,Olmstead
US45-15W,USA,45,15,Week,Allyson,Marlowe
GER248-2M,GER,248,2,Month,Maria,Cook
US432-11Mo,USA,432,11,Month,Betty,Gonzales
US469-2W,USA,469,2,Week,Johanna,Peterson
US1-9W,USA,1,9,Week,Michelle,Clark
US218-10W,USA,218,10,Week,Albert,Hampton
ARG546-1W,ARG,546,1,Week,Cheryl,Kelly
GER517-4M,GER,517,4,Month,Scott,Robinson
US104-11W,USA,104,11,Week,Emanuel,Craig
MEX13-14M,MEX,13,14,Month,Kathleen,Moss
ENG457-2M,ENG,457,2,Month,Laverne,Salazar
ARG145-16M,ARG,145,16,Month,Margaret,Doyle
ENG243-5W,ENG,243,5,Week,Rea,Irby
GER465-8W,GER,465,8,Week,Shirley,Torres
US73-11Mo,USA,73,11,Month,Buster,Shively
ARG390-17W,ARG,390,17,Week,Deirdre,Lentz
Canada542-3Mo,CAN,542,3,Month,Lisha,Nunn
ENG92-15Mo,ENG,92,15,Month,Terica,Mayo
ARG101-6Mo,ARG,101,6,Month,Tynisha,Mckee
Japan430-16W,JPN,430,16,Week,Phil,Guerrero
US485-15M,USA,485,15,Month,Randy,Hall
ARG39-14Mo,ARG,39,14,Month,Lorenzo,Fowler
AUS250-5W,AUS,250,5,Week,Rachel,Reed
Canada580-5W,CAN,580,5,Week,Moises,Mcbee
GER550-10Mo,GER,550,10,Month,Matthew,Hill
MEX238-15Mo,MEX,238,15,Month,Van,Mcguire
GER419-13Mo,GER,419,13,Month,Tina,Howard
MEX280-15M,MEX,280,15,Month,Jane,Phillips
MEX480-8Mo,MEX,480,8,Month,Norma,Watson
ARG186-4W,ARG,186,4,Week,Judith,White
US85-15Mo,USA,85,15,Month,Aaron,Gray
Japan200-14W,JPN,200,14,Week,Rudy,Alvarez
Canada362-6W,CAN,362,6,Week,Sharonda,Farley
US477-1W,USA,477,1,Week,Maisha,Calvin
GER531-5Mo,GER,531,5,Month,Bonnie,Abbott
GER89-16Mo,GER,89,16,Month,Miranda,Young
ENG235-9Mo,ENG,235,9,Month,Thomas,Edwards
AUS11-14W,AUS,11,14,Week,Lee,Wright
ARG313-10W,ARG,313,10,Week,Lee,Wolfe
US463-13W,USA,463,13,Week,Dianna,Cox
GER286-8M,GER,286,8,Month,Edna,Green
GER2-14W,GER,2,14,Week,Frederick,Morton
US123-9M,USA,123,9,Month,Cynthia,Cole
MEX500-4M,MEX,500,4,Month,Lorena,Williams
GER370-5Mo,GER,370,5,Month,Percy,Young
Canada298-8Mo,CAN,298,8,Month,Patricia,Perez
Japan276-11W,JPN,276,11,Week,Elizabeth,Neal
ARG456-17M,ARG,456,17,Month,Stuart,Lane
US86-6W,USA,86,6,Week,Adam,Vasquez
Japan327-15W,JPN,327,15,Week,Alisa,Corbett
ARG323-16Mo,ARG,323,16,Month,Enriqueta,Lopes
GER524-15Mo,GER,524,15,Month,Kirk,Reese
MEX394-13Mo,MEX,394,13,Month,Jose,Green
AUS587-4Mo,AUS,587,4,Month,Rex,Howard
Canada76-4M,CAN,76,4,Month,Ronald,Cox
AUS576-6W,AUS,576,6,Week,Johnny,Simmons
GER567-17W,GER,567,17,Week,Alessandra,Vogt
ENG593-13W,ENG,593,13,Week,Steven,Foster
GER368-9W,GER,368,9,Week,Stephaine,Pacheco
US112-14M,USA,112,14,Month,Lory,Herrmann
Canada108-3Mo,CAN,108,3,Month,Simonne,Kemp
ARG48-14W,ARG,48,14,Week,Mui,Mcewen
GER254-15W,GER,254,15,Week,Bobby,Stephens
GER504-12W,GER,504,12,Week,Madalene,Moreland
ENG137-6W,ENG,137,6,Week,Heidi,Collins
GER55-1W,GER,55,1,Week,Inez,Mcbride
GER396-10W,GER,396,10,Week,Ed,Rowe
GER514-9Mo,GER,514,9,Month,Yvonne,Nelson
Canada386-9W,CAN,386,9,Week,Billy,Lee
US260-4W,USA,260,4,Week,Jeffrey,Griffin
Canada284-4Mo,CAN,284,4,Month,Cora,Fletcher
ARG259-11W,ARG,259,11,Week,Sharon,Parker
US574-4Mo,USA,574,4,Month,Wanda,Wood
Japan424-6W,JPN,424,6,Week,Chantell,Forrest
US533-7Mo,USA,533,7,Month,Lavada,Satterfield
GER143-5M,GER,143,5,Month,Christeen,Hardwick
Canada466-1M,CAN,466,1,Month,Dorla,Dupuis
MEX590-8M,MEX,590,8,Month,Lisabeth,Everett
Japan237-9M,JPN,237,9,Month,Patience,Lindsay
Japan182-3Mo,JPN,182,3,Month,Jennette,Mcnamara
Japan454-5Mo,JPN,454,5,Month,Tanya,Cummings
US41-1W,USA,41,1,Week,Alan,Patterson
Japan211-12Mo,JPN,211,12,Month,Venessa,Bean
US409-7M,USA,409,7,Month,Jessie,Spencer
MEX91-17Mo,MEX,91,17,Month,Sung,Pippin
ENG332-5Mo,ENG,332,5,Month,Scott,Phillips
AUS231-17W,AUS,231,17,Week,Charles,Perry
MEX555-7W,MEX,555,7,Week,Waldo,Dempsey
GER63-12W,GER,63,12,Week,William,Wong
US198-15Mo,USA,198,15,Month,George,Hughes
US134-2Mo,USA,134,2,Month,Martin,Sanders
MEX138-17Mo,MEX,138,17,Month,Vincent,Harris
US527-9Mo,USA,527,9,Month,Tawnya,Goodrich
MEX22-15Mo,MEX,22,15,Month,Marcella,West
ENG165-5W,ENG,165,5,Week,Brian,Cooper
AUS545-7W,AUS,545,7,Week,Allen,Hicks
US306-5M,USA,306,5,Month,Antonetta,Gilchrist
AUS369-13W,AUS,369,13,Week,Luciana,Andrus
Canada40-2W,CAN,40,2,Week,Eula,Jensen
GER217-5W,GER,217,5,Week,Svetlana,Manuel
ARG309-3Mo,ARG,309,3,Month,Domenic,Wayne
AUS169-16Mo,AUS,169,16,Month,Teresa,Harris
GER336-2M,GER,336,2,Month,Jon,Rodriguez
AUS324-5M,AUS,324,5,Month,Derick,Laird
AUS181-14W,AUS,181,14,Week,Ashley,Alexander
ENG295-10M,ENG,295,10,Month,Janise,Denning
AUS305-2M,AUS,305,2,Month,Larry,Richardson
GER371-1W,GER,371,1,Week,Joanne,Stevens
US462-4W,USA,462,4,Week,Deandre,Conaway
US197-3W,USA,197,3,Week,Angela,Perez
ENG406-11M,ENG,406,11,Month,Latina,Hyman
Japan399-14M,JPN,399,14,Month,Venus,Ripley
Japan505-2Mo,JPN,505,2,Month,Katrina,Douglas
AUS215-16Mo,AUS,215,16,Month,Carmine,Toler
ARG67-14M,ARG,67,14,Month,Lindsy,Haskins
ENG565-9W,ENG,565,9,Week,Ruby,Perez
MEX330-1M,MEX,330,1,Month,Carolyn,Sanchez
ENG107-2Mo,ENG,107,2,Month,Maxima,Oneil
MEX58-10Mo,MEX,58,10,Month,Jimmy,Collins
US161-11Mo,USA,161,11,Month,Tina,Washington
MEX156-9Mo,MEX,156,9,Month,Paula,Delgado
Japan497-4W,JPN,497,4,Week,Elizabeth,Morris
ARG201-16M,ARG,201,16,Month,Warren,Briggs
US111-5Mo,USA,111,5,Month,Virgil,Shinn
Japan147-9Mo,JPN,147,9,Month,Winifred,Cross
GER272-2W,GER,272,2,Week,Zelma,Humes
ENG592-13Mo,ENG,592,13,Month,Terrence,Wong
ARG241-14W,ARG,241,14,Week,Chanda,Nickel
ENG503-14W,ENG,503,14,Week,Amelia,Santos
GER125-7W,GER,125,7,Week,Trinidad,Egan
US249-1M,USA,249,1,Month,Essie,Lawrence
US278-6W,USA,278,6,Week,Ryan,Clark
MEX534-16Mo,MEX,534,16,Month,Genaro,Sales
Japan426-5Mo,JPN,426,5,Month,Lori,Thornton
AUS356-6W,AUS,356,6,Week,Ezekiel,Banda
GER277-1W,GER,277,1,Week,Luis,Wood
ENG440-17W,ENG,440,17,Week,Albert,Miller
US367-11M,USA,367,11,Month,Maxine,Hamilton
ENG155-9M,ENG,155,9,Month,Candace,Weaver
ENG562-7W,ENG,562,7,Week,Debra,Patterson
ARG142-15Mo,ARG,142,15,Month,Dominque,Packer
ENG83-7W,ENG,83,7,Week,Alice,Mitchell
AUS553-11Mo,AUS,553,11,Month,Erma,Porter
ARG588-7Mo,ARG,588,7,Month,Martha,Rivera
AUS100-8M,AUS,100,8,Month,Agnes,Cooper
MEX355-6M,MEX,355,6,Month,Margie,Robbins
ARG240-6Mo,ARG,240,6,Month,Mazie,Whittle
MEX26-7Mo,MEX,26,7,Month,Chris,Mathis
ARG319-17W,ARG,319,17,Week,Modesto,Centeno
ARG446-2W,ARG,446,2,Week,Hye,Fenton
GER558-8W,GER,558,8,Week,Kaci,Naquin
MEX87-10Mo,MEX,87,10,Month,Howard,Coleman
ENG445-2Mo,ENG,445,2,Month,Kimberly,Anderson
MEX75-11Mo,MEX,75,11,Month,Karla,Cunningham
ARG162-7Mo,ARG,162,7,Month,Bessie,Mccormick
Japan397-3Mo,JPN,397,3,Month,Nancy,Henderson
Japan36-13W,JPN,36,13,Week,Judy,Carter
AUS290-3W,AUS,290,3,Week,Nikole,Mancini
US322-16W,USA,322,16,Week,Keith,Martin
AUS135-14M,AUS,135,14,Month,Joshua,Bailey
US229-8M,USA,229,8,Month,Wen,Huynh
Japan69-17M,JPN,69,17,Month,Leonora,Florence
ARG513-12W,ARG,513,12,Week,Adaline,Cochrane
US538-1Mo,USA,538,1,Month,Tami,Cobb
MEX274-1M,MEX,274,1,Month,Etsuko,Battles
US90-4W,USA,90,4,Week,Sheri,Clayton
Canada226-4M,CAN,226,4,Month,Mimi,Tidwell
US314-1M,USA,314,1,Month,Larita,Messina
US441-7M,USA,441,7,Month,Trula,Back
GER146-12Mo,GER,146,12,Month,Dominique,Beaty
US19-4Mo,USA,19,4,Month,George,Martinez
ARG379-17Mo,ARG,379,17,Month,Louis,Reed
Canada57-9Mo,CAN,57,9,Month,Len,Otto
ENG473-16W,ENG,473,16,Week,Brandy,Buchanan
ARG387-10W,ARG,387,10,Week,Clinton,Edwards
ENG152-11W,ENG,152,11,Week,Shirley,Robinson
US174-12M,USA,174,12,Month,Carman,Baylor
GER346-13M,GER,346,13,Month,Eunice,Mcdonald
GER129-15W,GER,129,15,Week,Gretchen,Hale
Japan207-12M,JPN,207,12,Month,Catherine,Stewart
GER261-6Mo,GER,261,6,Month,Hazel,Walsh
Canada541-16M,CAN,541,16,Month,Bruce,Torres
MEX583-7Mo,MEX,583,7,Month,Laticia,Sands
Japan49-7W,JPN,49,7,Week,Evelyn,Martin
Canada570-11W,CAN,570,11,Week,Andrea,Scott
Canada175-11W,CAN,175,11,Week,Regan,Key
US106-6W,USA,106,6,Week,Diane,Allen
Japan511-6Mo,JPN,511,6,Month,Cindi,Mcclanahan
ENG537-12W,ENG,537,12,Week,Keeley,Correia
ARG484-5W,ARG,484,5,Week,Andrew,Bennett
ARG435-17M,ARG,435,17,Month,Wynona,Neville
AUS391-6M,AUS,391,6,Month,Mark,Long
GER251-14Mo,GER,251,14,Month,Anthony,Nelson
Japan176-10Mo,JPN,176,10,Month,Lynn,Brady
Japan61-11W,JPN,61,11,Week,Kristi,Wilkerson
AUS410-15W,AUS,410,15,Week,Jean,Williams
Japan596-10M,JPN,596,10,Month,Kimberly,Hernandez
MEX353-4M,MEX,353,4,Month,Geneva,Ryan
ENG46-16M,ENG,46,16,Month,Caroyln,Kerr
GER202-10M,GER,202,10,Month,Lizabeth,Perron
MEX224-16Mo,MEX,224,16,Month,Wayne,Bryant
US281-3Mo,USA,281,3,Month,Sarah,Hill
MEX549-9M,MEX,549,9,Month,Donnie,Martinez
AUS62-1Mo,AUS,62,1,Month,Randall,Osborne
Canada66-16W,CAN,66,16,Week,Ilda,Mcadams
ARG393-6Mo,ARG,393,6,Month,Katherine,Lee
ENG153-8W,ENG,153,8,Week,Yvette,Walsh
ENG380-14W,ENG,380,14,Week,Heather,Young
ENG318-9Mo,ENG,318,9,Month,Christine,Bishop
AUS472-2W,AUS,472,2,Week,Jeanette,Knight
ENG460-5W,ENG,460,5,Week,Fred,Henderson
Japan420-11M,JPN,420,11,Month,Garrett,Bishop
Canada189-14Mo,CAN,189,14,Month,Henry,Miller
ENG54-4W,ENG,54,4,Week,Orlando,Montgomery
ARG383-5M,ARG,383,5,Month,Marylin,Burch
Japan515-5W,JPN,515,5,Week,Bradford,Jackson
GER433-13W,GER,433,13,Week,Waldo,Hoyle
ARG252-12W,ARG,252,12,Week,Spencer,Lucas
AUS478-1M,AUS,478,1,Month,Herlinda,Millard
MEX556-17W,MEX,556,17,Week,Lucilla,Dickens
Japan264-1M,JPN,264,1,Month,Marilyn,Horton
ARG244-8W,ARG,244,8,Week,Adelia,Bachman
Canada321-12M,CAN,321,12,Month,Joseph,Peterson
ARG343-15W,ARG,343,15,Week,Alexis,Hayes
ENG109-8W,ENG,109,8,Week,Evelyn,Bass
GER35-1M,GER,35,1,Month,Janice,Garcia
ARG347-17W,ARG,347,17,Week,Cheryl,Davis
ARG506-8W,ARG,506,8,Week,Ryan,Butler
ARG279-6Mo,ARG,279,6,Month,Chris,Smith
AUS42-12M,AUS,42,12,Month,Ruth,Morris
MEX115-11M,MEX,115,11,Month,Kirk,Waters
Japan65-2W,JPN,65,2,Week,Tiera,Jolley
US530-17M,USA,530,17,Month,Marilynn,Pyle
ENG578-17M,ENG,578,17,Month,Elvira,Reynolds
US126-4M,USA,126,4,Month,Lizeth,Adame
AUS482-12W,AUS,482,12,Week,Joe,Russell
ENG120-11W,ENG,120,11,Week,Ashley,Russell
Japan448-3Mo,JPN,448,3,Month,Azzie,Boston
ENG350-2W,ENG,350,2,Week,Frederica,House
US595-2W,USA,595,2,Week,Nicole,Diaz
AUS225-10Mo,AUS,225,10,Month,Edmundo,Beckham
ARG375-13Mo,ARG,375,13,Month,Gena,Barajas
MEX415-8W,MEX,415,8,Week,Alma,Stephens
MEX443-12Mo,MEX,443,12,Month,Sarah,Powell
ENG3-2W,ENG,3,2,Week,Rebecca,Turner
ENG483-6Mo,ENG,483,6,Month,Meredith,Estrada
Canada344-11Mo,CAN,344,11,Month,Kurtis,Farris
ARG136-1W,ARG,136,1,Week,Todd,Campbell
Canada357-14M,CAN,357,14,Month,Jonathon,Dunn
US15-13W,USA,15,13,Week,Shery,Ludwig
Japan216-5M,JPN,216,5,Month,Scotty,Lerma
ARG400-10M,ARG,400,10,Month,Isreal,Childress
Canada411-7W,CAN,411,7,Week,Alethea,Humphreys
Canada307-5W,CAN,307,5,Week,Caleb,Mendez
US340-15Mo,USA,340,15,Month,Kevin,Jenkins
ARG416-17W,ARG,416,17,Week,Noel,Caldwell
AUS487-8Mo,AUS,487,8,Month,Jermaine,Rodriquez
Japan486-14W,JPN,486,14,Week,Tabitha,Sullivan
AUS84-2Mo,AUS,84,2,Month,Tamara,Sims
Canada300-7Mo,CAN,300,7,Month,Chrissy,Hadden
Japan317-9M,JPN,317,9,Month,Joseph,Wilson
Japan372-2W,JPN,372,2,Week,Brianna,Seitz
Japan522-13M,JPN,522,13,Month,Kenia,Craft
ARG173-12M,ARG,173,12,Month,Teresita,Schafer
Japan170-17W,JPN,170,17,Week,Irene,Price
MEX180-16W,MEX,180,16,Week,Albert,Martinez
AUS589-8Mo,AUS,589,8,Month,Lana,Hill
AUS82-1W,AUS,82,1,Week,Nieves,Dew
ENG285-5W,ENG,285,5,Week,Stacey,Alexander
AUS140-13Mo,AUS,140,13,Month,Kenneth,Taylor
MEX467-2W,MEX,467,2,Week,Diana,Davis
MEX461-15W,MEX,461,15,Week,Shirl,Whitt
GER434-1Mo,GER,434,1,Month,Catherine,Roberts
US151-15Mo,USA,151,15,Month,Kevin,Cobb
US519-3Mo,USA,519,3,Month,Remona,Jarrett
MEX374-10W,MEX,374,10,Week,Dede,Potts
GER381-4W,GER,381,4,Week,Shelia,Owens
US348-14W,USA,348,14,Week,Jean,Gonzalez
Canada268-15M,CAN,268,15,Month,Martin,Carpenter
MEX304-4M,MEX,304,4,Month,Roy,Jones
MEX547-3W,MEX,547,3,Week,Amanda,Wilson
AUS178-5W,AUS,178,5,Week,Andrew,Allison
Canada96-16W,CAN,96,16,Week,Sabrina,Rodriguez
Japan365-13M,JPN,365,13,Month,Laurie,Bowman
ARG499-13M,ARG,499,13,Month,Nettie,George
ARG148-2M,ARG,148,2,Month,Leroy,Mclaughlin
ARG239-17M,ARG,239,17,Month,Gloria,Roberts
Japan25-17Mo,JPN,25,17,Month,Kayla,Ingram
GER191-15W,GER,191,15,Week,Kelvin,Jordan
ARG9-9Mo,ARG,9,9,Month,Jeremy,Ramirez
ENG334-7Mo,ENG,334,7,Month,Douglas,Lopez
ENG4-5M,ENG,4,5,Month,Myra,Bryant
MEX212-6Mo,MEX,212,6,Month,Kari,Nichols
AUS78-7W,AUS,78,7,Week,Eric,Lewis
MEX402-10W,MEX,402,10,Week,Glenda,Thomas
MEX507-17W,MEX,507,17,Week,Opal,Malone
Japan59-11W,JPN,59,11,Week,Lillie,May
Canada128-14W,CAN,128,14,Week,Johnny,Young
Canada262-15Mo,CAN,262,15,Month,Jason,Pearson
AUS214-11Mo,AUS,214,11,Month,Toni,Quinn
GER479-10W,GER,479,10,Week,Brian,Ross
MEX422-1Mo,MEX,422,1,Month,Byron,Watson
Canada296-7W,CAN,296,7,Week,Shawn,Vargas
Japan273-11M,JPN,273,11,Month,Denise,Hughes
US521-15Mo,USA,521,15,Month,Jamie,Welch
Canada192-5M,CAN,192,5,Month,Arthur,Harris
ARG325-17W,ARG,325,17,Week,Bobby,James
AUS352-6Mo,AUS,352,6,Month,Donald,Thompson
Japan256-2W,JPN,256,2,Week,Beatrice,Alvarado
ARG157-1W,ARG,157,1,Week,Emily,Nash
GER267-5W,GER,267,5,Week,Joline,Chin
MEX47-2W,MEX,47,2,Week,Cleora,Concepcion
AUS437-7M,AUS,437,7,Month,Donetta,Walls
US149-2W,USA,149,2,Week,Brady,Trent
US185-16W,USA,185,16,Week,Nicholas,Washington
ENG288-14M,ENG,288,14,Month,Boyce,Carlisle
GER190-3W,GER,190,3,Week,Jody,Barnes
MEX591-7Mo,MEX,591,7,Month,Lynne,Flores
Japan172-13M,JPN,172,13,Month,Phyllis,Thomas
ARG234-17W,ARG,234,17,Week,Clarence,Turner
US310-4Mo,USA,310,4,Month,Caroline,Sharp
Canada575-11W,CAN,575,11,Week,Tijuana,Leblanc
ARG544-4W,ARG,544,4,Week,Jeanna,Sawyers
ARG124-13W,ARG,124,13,Week,Chauncey,Bottoms
MEX376-12W,MEX,376,12,Week,Kelley,Palmer
GER164-5Mo,GER,164,5,Month,Janice,Moore
AUS384-3W,AUS,384,3,Week,Bradford,Potter
US523-7M,USA,523,7,Month,Kathryn,Bailey
ENG53-2M,ENG,53,2,Month,Lori,Robinson
ENG560-15W,ENG,560,15,Week,Melissa,Stewart
US133-1M,USA,133,1,Month,Genevive,Mejia
ENG232-11W,ENG,232,11,Week,Irene,Lopez
ARG283-9M,ARG,283,9,Month,Patty,Jimenez
US228-16Mo,USA,228,16,Month,Lindsey,Warren
MEX577-15M,MEX,577,15,Month,Randy,Baker
US74-13M,USA,74,13,Month,Kayleigh,Goss
Japan436-16W,JPN,436,16,Week,Priscilla,Chavez
ARG548-10W,ARG,548,10,Week,Mabel,Schwartz
ENG293-9Mo,ENG,293,9,Month,Zona,Sykes
ENG263-7W,ENG,263,7,Week,Angelena,Loftis
Japan364-3W,JPN,364,3,Week,Michael,Cook
MEX72-12Mo,MEX,72,12,Month,Kurt,Dennis
Canada488-4M,CAN,488,4,Month,Mercedes,Herrera
Japan395-5W,JPN,395,5,Week,Adella,Hargis
Canada564-13W,CAN,564,13,Week,Valeri,Kimball
AUS29-3Mo,AUS,29,3,Month,Israel,Lewis
Canada510-6M,CAN,510,6,Month,Ruth,Brown
Japan470-11M,JPN,470,11,Month,Maryanna,Schroeder
GER95-9W,GER,95,9,Week,Elbert,Paul
ARG354-2M,ARG,354,2,Month,Issac,Nagy
AUS70-9Mo,AUS,70,9,Month,Trudie,Waite
Japan361-16Mo,JPN,361,16,Month,Jerrod,Easter
ARG266-13W,ARG,266,13,Week,Kelly,Jackson
ARG413-8M,ARG,413,8,Month,Martin,Wright
AUS245-10M,AUS,245,10,Month,Gerald,Taylor
Canada31-11Mo,CAN,31,11,Month,Terri,Higgins
Japan412-10Mo,JPN,412,10,Month,Mercy,Solano
Japan382-9Mo,JPN,382,9,Month,Devora,Braxton
Canada403-13W,CAN,403,13,Week,Lakiesha,Lange
MEX68-13M,MEX,68,13,Month,Kasandra,Strange
ARG414-12W,ARG,414,12,Week,Caitlin,Utley
ARG451-1Mo,ARG,451,1,Month,Jennifer,Thomas
ENG51-6W,ENG,51,6,Week,Joline,Catalano
Japan10-13Mo,JPN,10,13,Month,Anna,Evans
ARG536-17M,ARG,536,17,Month,Kamala,Hallman
US204-3M,USA,204,3,Month,Janett,Watt
MEX105-6W,MEX,105,6,Week,Abel,Erickson
AUS154-2W,AUS,154,2,Week,Augusta,Hiatt
ARG131-11Mo,ARG,131,11,Month,Jamie,Barker
AUS502-1W,AUS,502,1,Week,Stella,Elliott
ENG16-9W,ENG,16,9,Week,Keila,Seifert
GER179-11Mo,GER,179,11,Month,Danita,Jude
AUS159-14M,AUS,159,14,Month,Krystyna,Ferry
MEX573-8W,MEX,573,8,Week,Arletha,Smothers
GER554-4Mo,GER,554,4,Month,Harry,Gray
Canada166-4Mo,CAN,166,4,Month,Bruce,Alexander
ARG525-15Mo,ARG,525,15,Month,Annett,Braun
US33-5W,USA,33,5,Week,Alma,Leonard
MEX236-5W,MEX,236,5,Week,Angela,Rodriguez
AUS464-10W,AUS,464,10,Week,Rafael,Bryan
US359-12W,USA,359,12,Week,Ricky,Cohen
AUS167-2W,AUS,167,2,Week,Johnna,Silver
ARG18-3W,ARG,18,3,Week,Jo,Elliott
AUS94-6Mo,AUS,94,6,Month,Donald,Sherman
US308-16M,USA,308,16,Month,Tyree,Dubose
ENG360-4M,ENG,360,4,Month,Cythia,Michael
MEX8-3M,MEX,8,3,Month,Earl,Diaz
ARG150-16Mo,ARG,150,16,Month,Dominick,Holloway
AUS168-3W,AUS,168,3,Week,Jack,Lewis
US509-12W,USA,509,12,Week,Yuette,Reddick
MEX535-11Mo,MEX,535,11,Month,Benny,Marsh
US119-2W,USA,119,2,Week,Amanda,Williams
Canada552-9Mo,CAN,552,9,Month,Lawrence,James
Canada103-2M,CAN,103,2,Month,Anne,Rice
GER302-5M,GER,302,5,Month,Liza,Benefield
ARG516-16W,ARG,516,16,Week,Jeannie,Dunn
ARG439-10W,ARG,439,10,Week,Eugene,Jenkins
Japan495-8M,JPN,495,8,Month,Shona,Tillery
ENG187-14Mo,ENG,187,14,Month,Doyle,Baldwin
Canada528-4M,CAN,528,4,Month,Jesse,Foster
ARG408-8Mo,ARG,408,8,Month,Meredith,Burke
ENG333-16Mo,ENG,333,16,Month,Tameika,Nance
Canada127-9M,CAN,127,9,Month,Donette,Mccarty
Japan328-8Mo,JPN,328,8,Month,Porsche,Greiner
ARG498-8M,ARG,498,8,Month,Carol,Hernandez
GER6-1M,GER,6,1,Month,Ann,Moore
Japan199-10Mo,JPN,199,10,Month,Janet,Ortiz
ARG493-6Mo,ARG,493,6,Month,James,Watson
ENG303-14Mo,ENG,303,14,Month,Misti,Humphrey
ARG494-1Mo,ARG,494,1,Month,Gary,Bell
AUS453-7Mo,AUS,453,7,Month,Timothy,Bolt
GER594-5M,GER,594,5,Month,Mitsue,Klinger
US447-4W,USA,447,4,Week,Olimpia,Rapp
AUS492-9W,AUS,492,9,Week,Isaias,Lehman
ENG171-7Mo,ENG,171,7,Month,Cornelius,Pittman
Japan571-16M,JPN,571,16,Month,Terence,Herrera
Japan12-6Mo,JPN,12,6,Month,Cynthia,King
Canada64-13Mo,CAN,64,13,Month,Tammy,Simmons
AUS405-16Mo,AUS,405,16,Month,Susan,Kelly
Japan163-12W,JPN,163,12,Week,Gregory,Sanders
US117-11M,USA,117,11,Month,Marilyn,Rogers
US341-16Mo,USA,341,16,Month,Paul,Boone
ARG209-6Mo,ARG,209,6,Month,Kathe,Meier
GER378-11Mo,GER,378,11,Month,Pasquale,Dortch
GER258-7M,GER,258,7,Month,Raymond,Ross
Canada501-12W,CAN,501,12,Week,Elizabeth,Murphy
MEX586-10W,MEX,586,10,Week,Diana,Hall
ENG418-15Mo,ENG,418,15,Month,Darrell,Obrien
MEX294-5Mo,MEX,294,5,Month,Beverly,Adams
Japan227-4M,JPN,227,4,Month,Peter,Adams
MEX184-11W,MEX,184,11,Week,Salome,Dolan
Japan81-12W,JPN,81,12,Week,Nicholas,Brooks
ENG539-15Mo,ENG,539,15,Month,Vania,Nadeau
Japan233-14Mo,JPN,233,14,Month,Samantha,Phillips
MEX358-6W,MEX,358,6,Week,Rolando,Hanson
MEX221-16W,MEX,221,16,Week,Sadie,Reyes
ENG475-17W,ENG,475,17,Week,Tricia,Barrett
Canada97-7W,CAN,97,7,Week,Joan,Jackson
Japan196-2Mo,JPN,196,2,Month,Lloyd,Christensen
GER230-10M,GER,230,10,Month,Carmelia,Aguilera
Canada459-11Mo,CAN,459,11,Month,Barbara,Scott
US431-3W,USA,431,3,Week,Heather,Gonzales
Japan282-11W,JPN,282,11,Week,Aleta,Foss
Japan326-11M,JPN,326,11,Month,Mary,Baker
